7527481,sacredheartmilledgeville.org,3.06
9920908,therift.bike,2.89
7971823,christian-hirte.de,3.02
7604172,lucrandocomunhasdegel.com.br,3.05
7504741,greybits.com.au,3.06
9200843,ananda-oasis.fr,2.94
8697960,alltogethernow.nupge.ca,2.98
7612436,collaborate.wrike.com,3.05
7804706,cuocoecamicia.it,3.04
9960806,9mileseast.menu,2.89
8141362,brookesboswell.com,3.01
9603568,morgenland.bio,2.91
8565724,sugarandshake.com,2.99
9222055,orangerie-elswout.nl,2.94
7850745,campamentoshipicos.com,3.03
8869962,bucerius-alumni.de,2.96
9865299,gmgames.org,2.89
7918593,scout.lapras.com,3.03
7947899,code9.at,3.02
8176211,chappsen10.hatenablog.com,3.01
7731749,en.kosgeb.gov.tr,3.04
7962564,clouddeva.com,3.02
7563526,eubrazilopenbio.eu,3.06
8368186,singleshotexchange.com,3.00
8937328,rozewood.co.za,2.96
9662976,laticastelli.com,2.91
9496146,differentbusinessesideas.com,2.92
7569293,diocesepetropolis.com.br,3.06
8717050,clubparadisefitness.com,2.98
8319811,terralynnjforsyth.substack.com,3.00
7723010,midwestlubricants.com,3.04
8270671,pieropiccioni.bandcamp.com,3.01
9611968,r-essential.com,2.91
8046887,farmwildlife.info,3.02
8782352,generalaviationawards.us3.list-manage.com,2.97
7756621,michael-coaching.coachy.net,3.04
8386348,ukraine.sprungbrett-intowork.de,3.00
9454173,magicseal.com,2.92
9613011,beastbayplumbing.com,2.91
9047408,downtownfergus.com,2.95
9645466,sybell.hu,2.91
9526915,gedeeldeweelde.nl,2.92
9071799,factorin.io,2.95
7809092,spiritschoolmagic.thinkific.com,3.04
8060421,technologywithpassion.com,3.02
7868115,sportsmenalliance.org,3.03
7901167,trooperclerks.com,3.03
7589756,flyrna.com,3.06
8670377,donnaearl.com,2.98
7734857,beanrushcafe.com,3.04
8414342,grapplersperformance.com,3.00
9965752,alliance-educationsexuelle.ch,2.89
7522028,edipucrs.com.br,3.06
9789429,94-west.com,2.90
9364789,pinklesbiandating.com,2.93
7977842,valleyheart.merchnow.com,3.02
9707932,gprchamber.ca,2.90
8777768,varskoy.com,2.97
8690889,cms.thelocal.com,2.98
7912759,mobictablet.com,3.03
9265951,accrabookfest.com,2.94
9292418,georgiaruth.co.uk,2.93
8947812,unitedpartition.com,2.96
8077899,oritetsu.hatenablog.jp,3.01
9361907,kidsitter.co.uk,2.93
9998835,butikk.kaffe.no,2.88
9482838,surdeuxroues.org,2.92
7629517,xliimusic.com,3.05
9776569,gruposid.com.do,2.90
7880456,alexandraallen.substack.com,3.03
8978014,beveron.com,2.95
8499497,1001deguisement.fr,2.99
9261160,compassionco.com,2.94
9459268,berry-precious.jp,2.92
8484005,tarasemaniasblog.blogs.sapo.pt,2.99
7600284,vhcle.bandcamp.com,3.05
9016092,pcgamer.pl,2.95
8937122,rucasbearlake.com,2.96
8844648,onticoconferences.typeform.com,2.97
8375148,regiotvdebilt.nl,3.00
8128255,doipod.com,3.01
8657012,arborsofcreekwood.com,2.98
8109656,thewonkicollective.com,3.01
8206448,o2683.hatenablog.com,3.01
8223906,zubora-yururi.hatenablog.com,3.01
8036078,paws.rutherfordcountytn.gov,3.02
9359386,uli-groetsch.de,2.93
9245806,durhambrews.webflow.io,2.94
8932196,seacloudpartners.com,2.96
9492810,craigatinhouse.co.uk,2.92
8628065,imosphere.com,2.98
9562315,en.szyhlo.com,2.91
7745829,teraxxa-wins.com,3.04
8996632,expedp.com,2.95
8521794,wealthblogsg.com,2.99
9171485,marysvillegolf.com,2.94
9842616,theshopatshangrilatoronto.com,2.89
7802384,qb.mu,3.04
9720823,uk.enlargedit.com,2.90
8154346,tobuji.tech,3.01
