102282,trud.ru,4.69
980363,spier.hu,4.32
919161,ptcarberry.com,4.33
527530,killarneytoday.com,4.47
385415,toughgirlchallenges.com,4.51
418619,faithfullyglutenfree.com,4.50
307843,aktifmusteri.com,4.53
696435,polytech-health-aesthetics.com,4.46
517651,jovene.it,4.48
158265,yorkshirebylines.co.uk,4.61
13630,opendental.com,5.34
514002,pleanala.ie,4.48
791056,truckersagainsttrafficking.org,4.44
45015,ndtv.in,4.89
628735,irip.pl,4.47
959633,piperspaintingtopsail.com,4.33
832208,ideapaint.com,4.36
672856,wcregisteronline.com,4.46
372924,jetsetmag.com,4.51
69997,sequential.com,4.78
773414,articleopedia.co.nr,4.46
590095,churchofgodinchristmennonite.net,4.47
271501,fungikingdom.net,4.54
885012,trumeta.com,4.33
503256,htdsoftware.com,4.48
167537,persoenlich.com,4.60
850835,qlanguage.com.hk,4.34
479568,metrotas.com.au,4.48
487759,footballexpress.co.uk,4.48
989499,joernhees.de,4.31
985150,heathmankirkland.com,4.32
787017,gjbricks.com,4.45
217312,tghat.com,4.57
829701,faceyogalab.com,4.37
60269,visao.sapo.pt,4.82
170805,codeytek.com,4.60
642777,coach.gsplugins.com,4.46
684667,eacusa.org,4.46
65241,wildlifedirect.org,4.80
883013,virginitynow.com,4.33
699629,mtvsomali.com,4.46
284260,ucuzperdedunyasi.com,4.53
292959,classplash.de,4.53
921355,instyleflooringanddesigns.com,4.33
534330,amaga.org.au,4.47
539179,mikescigars.com,4.47
323253,fitnessintegratedscience.tv,4.53
911568,panchmishali.com,4.33
120550,concreteships.org,4.66
221020,heartfeltcreations.us,4.57
263267,za.boell.org,4.54
994432,shibe.online,4.31
791796,fahrradmagazin.net,4.44
357763,oonumerics.org,4.52
697779,trinhanmedia.com,4.46
974694,brightidea.com,4.32
772603,animeenglishdubreviews.blogspot.hk,4.46
789698,api.dmcloud.net,4.45
828879,nicolevbennett.com,4.37
147697,croix-rouge.be,4.62
940420,kimwaystone.com,4.33
634356,pincodesearch.website,4.46
812733,ciusssmcq.ca,4.40
155839,pch.net,4.62
185106,usdaynews.com,4.59
278085,tottolearning.com,4.54
417131,building-supply.dk,4.50
324887,leadinvest.com.br,4.53
984350,viris.si,4.32
209264,trianilla.com,4.58
880620,womadsworld.com,4.33
600792,etcaats.eu,4.47
103337,451research.com,4.69
850995,annainthehouse.com,4.34
584602,gfwcflorida.org,4.47
310648,indian-flavour.nl,4.53
202600,touchbible.com,4.58
652465,caup.tongji.edu.cn,4.46
978528,skanev.com,4.32
468995,visitsouthbank.com.au,4.48
294426,tammam.co.uk,4.53
196160,thefacts.com,4.58
82009,forbes.com.br,4.74
873502,parkwoodlodge.com,4.33
70301,ukessays.com,4.78
746088,rinjapanesepopgroup.home.blog,4.46
513905,businessinpuertorico.com,4.48
81019,agi.com,4.74
827415,goldfiglabs.com,4.37
435717,kentuckymonthly.com,4.49
863482,belairbayclub.com,4.34
228659,groomandstyle.com,4.56
754925,thecommunicationcouncil.org,4.46
633677,freepressreleases.co.uk,4.46
946942,edgardias.pt,4.33
199247,miniworldgame.com,4.58
141589,go.affectiva.com,4.63
94987,peaq.network,4.71
709429,baronandblue.com,4.46
824154,terriscafe.com,4.38
